{"Weapon":"Narya","Description":"Narya has the power to inspire hope, particularly in those who have fallen to despair. It also has the power to shield itself and its wielder from prying eyes."}
{"Weapon":"Vilya","Description":" Vilya was the strongest of the three Elven rings. Its exact powers are unknown, but it is believed that it gave its bearer healing powers and control over minor elements, such as water. Elrond’s ability to summon a torrent of water to chase off the Ringwraiths is thought to be in part powered by Vilya"}
{"Weapon":"Andúril","Description":"\"Reforged from the shards of Isildur’s sword, Narsil, Andúril bears the inscription, \"\"I am Andúril"}
{"Weapon":"Orcrist","Description":"\"A sword in The Hobbit. Orcrist was nicknamed \"\"Biter\"\" by the Goblins of the Misty Mountains. Thorin Oakenshield carried the sword throughout much of The Hobbit"}
{"Weapon":"Mirkwood Bow","Description":" Legolas wielded two bows during the War of the Ring. The first was from his home of Mirkwood. The second was gifted to him by Galadriel and was longer and stouter than his first bow. It was six feet long and crafted with the silver-grey wood of a Mallorn tree. His second bow was also faster as its string had a strand of Galadriel’s hair entwined around it."}
{"Weapon":"Nenya","Description":"Galadriel’s ring had the power to preserve and protect. She used the ring to create and preserve Lothlorien, which was considered the most beautiful of the Elven lands in Middle Earth."}
{"Weapon":"Glamdring","Description":"\"A sword in The Hobbit, The Lord of the Rings and Unfinished Tales. Known as the sword of Turgon and Gandalf; the latter carried it throughout his journeys with Bilbo Baggins and the Fellowship of the Ring. Glamdring was nicknamed \"\"Beater\"\" by the Goblins of the Misty Mountains. Glamdring would glow blue whenever orcs were nearby.\""}
{"Weapon":"Aranrúth","Description":"A sword wielded by Thingol of Doriath in The Silmarillion."}
{"Weapon":"Master Ring","Description":"The Ring was a simple gold band which revealed the inscription “One Ring to rule them all, One Ring to find them, One Ring to bring them all and in the darkness bind them” when cast into fire. Created by Sauron in the fires of Mount Doom, the One Ring enhanced the wielder's power and gave them control over all the other Rings of Power, with the exception of the Elven rings. While it was made by and for Sauron, it's believed that a powerful being like Gandalf or Galadriel could possibly use the ring."}
{"Weapon":"Sting","Description":"A knife in The Hobbit and The Lord of the Rings. Although made by the Elves as a large knife, for the smaller race of Hobbits it functioned well as a sword. Bilbo Baggins named the weapon after using it to fend off the giant spiders in Mirkwood forest, then later passed it on to Frodo for him to use in his quest to destroy the One Ring. Sting would glow blue whenever orcs were nearby."}
{"Weapon":"Grond","Description":"\"The name of the mace of Morgoth in The Silmarillion; also a battering ram in The Lord of the Rings, used to assault the main gate of Minas Tirith. In the Rankin-Bass adaptation of The Return of the King, the ram Grond is called \"\"the arm of the devil\"\" also named \"\"the hammer of the underworld\"\".\""}
{"Weapon":"Dragon-helm ","Description":"A helmet owned and used by men of the Royal house of Hador (such as Húrin and Túrin) in The Silmarillion, Unfinished Tales, and The Children of Húrin. Also known as the Helm of Hador"}
{"Weapon":"Aeglos","Description":"A spear wielded by Gil-galad in The Silmarillion and Unfinished Tales; Aiglos is also the name of a type of plant in Middle-earth which most notably grew on Amon Rûdh. Aeglos is also the name of a Tolkienist semiannual almanac published by the Polish Silesian Science-Fiction Club, parent organisation of the Polish Tolkien Society."}
{"Weapon":"Herugrim","Description":"A sword that belonged to Théoden."}
{"Weapon":"Red Arrow","Description":"\"A black-feathered arrow barbed with steel; its tip was painted red. It was a token used by Gondor to summon Rohan in time of dire need, and may have been associated with the Oath of Eorl. In The Return of the King, the Red Arrow was presented to Théoden by Hirgon with the message: \"\"...the Lord Denethor asks for all your strength and all your speed"}
{"Weapon":"Anglachel","Description":"A sword forged by Eöl the Dark Elf, given to Thingol of Doriath, and later wielded by Beleg Strongbow and ultimately Túrin in The Silmarillion, Unfinished Tales, The Book of Lost Tales, and The Children of Húrin;[24][25][26] influenced by the sword of the Finnish Kullervo. Anglachel was reforged as Gurthang"}
{"Weapon":"Gúthwinë","Description":"A sword wielded by Éomer, third marshal of the Riddermark in The Lord of the Rings"}
{"Weapon":"Belthronding","Description":"A bow wielded by Beleg Cúthalion (Strongbow) in The Silmarillion and The Lays of Beleriand"}
{"Weapon":"Ringil","Description":"A sword wielded by Fingolfin in The Silmarillion and The Lays of Beleriand. It bit with chilling cold, and glittered like ice with a pale light"}
{"Weapon":"Dramborleg","Description":"An axe belonging to Tuor, son of Huor in The Book of Lost Tales and Unfinished Tales."}
